lastname,phone1,email
Newcomb,+48 905 184 2603,jnewcomb0@wikipedia.org
Skahill,+86 894 467 4319,gskahill1@businesswire.com
Pariss,+86 588 321 8255,fpariss2@google.co.jp
Garland,+48 421 639 9760,mgarland3@blog.com
Casperri,+233 766 628 6575,rcasperri4@symantec.com
Mirfield,+62 399 483 7212,gmirfield5@cbsnews.com
Hobson,+7 108 830 1479,rhobson6@unesco.org
Okeshott,+86 317 453 2494,jokeshott7@xinhuanet.com
Compston,+66 318 741 3421,rcompston8@boston.com
Drewe,+92 917 452 8049,kdrewe9@netvibes.com
